SiteID,SiteName,Country,Region,PrincipalInvestigator,SiteStatus,ActivationDate,EnrollmentTarget
S01,Site 01 - United States Medical Center 1,United States,North America,Dr. Daniel Brown,Active,2025-01-09,40
S02,Site 02 - United States Medical Center 2,United States,North America,Dr. Lisa Rodriguez,Active,2025-02-06,40
S03,Site 03 - Canada Medical Center 3,Canada,North America,Dr. Linda Jones,Active,2025-04-10,40
S04,Site 04 - United Kingdom Medical Center 4,United Kingdom,Europe,Dr. Patricia Perez,Active,2025-04-10,40
S05,Site 05 - Germany Medical Center 5,Germany,Europe,Dr. Donald Moore,Active,2025-01-17,40
S06,Site 06 - France Medical Center 6,France,Europe,Dr. Charles Wilson,Active,2025-01-10,40
S07,Site 07 - Spain Medical Center 7,Spain,Europe,Dr. James Williams,Active,2025-02-02,40
S08,Site 08 - Poland Medical Center 8,Poland,Europe,Dr. Linda Taylor,Active,2025-03-24,40
S09,Site 09 - India Medical Center 9,India,Asia-Pacific,Dr. James Moore,Active,2025-01-31,40
S10,Site 10 - Australia Medical Center 10,Australia,Asia-Pacific,Dr. Matthew Lee,Active,2025-04-05,40
S11,Site 11 - United States Medical Center 11,United States,North America,Dr. Sarah Wilson,Active,2025-02-03,40
S12,Site 12 - United States Medical Center 12,United States,North America,Dr. Joseph Jackson,Active,2025-02-10,40
