SubjectID,SiteID,ScreenDate,RandomizationDate,Status,AgeGroup,Sex,TreatmentArm
SUB-0001,S01,2025-06-26,2025-07-09,Randomized,56-65,Female,Treatment B
SUB-0002,S01,2025-04-18,2025-05-02,Randomized,18-40,Male,Treatment B
SUB-0003,S01,2025-05-21,2025-06-05,Randomized,56-65,Female,Treatment A
SUB-0004,S01,2025-03-26,,Screen Failure,41-55,Male,
SUB-0005,S01,2025-04-05,2025-04-11,Randomized,56-65,Female,Treatment B
SUB-0006,S01,2026-01-28,2026-02-08,Randomized,41-55,Female,Treatment A
SUB-0007,S01,2025-06-30,2025-07-11,Randomized,18-40,Female,Treatment A
SUB-0008,S01,2025-02-15,2025-03-02,Randomized,56-65,Female,Treatment B
SUB-0009,S01,2026-06-09,2026-06-26,Randomized,41-55,Male,Treatment A
SUB-0010,S01,2026-03-28,2026-04-12,Randomized,41-55,Male,Treatment B
SUB-0011,S01,2025-04-17,2025-04-23,Randomized,65+,Female,Treatment A
SUB-0012,S01,2026-02-12,2026-03-01,Withdrawn,18-40,Female,Treatment B
SUB-0013,S01,2025-10-14,2025-10-27,Randomized,41-55,Male,Treatment A
SUB-0014,S01,2025-01-17,2025-01-28,Randomized,18-40,Male,Treatment A
SUB-0015,S01,2025-08-05,,Screen Failure,41-55,Female,
SUB-0016,S01,2025-12-11,2025-12-17,Completed,56-65,Female,Treatment B
SUB-0017,S01,2025-03-14,,Screened,18-40,Female,
SUB-0018,S01,2026-05-26,2026-06-15,Randomized,65+,Female,Treatment A
SUB-0019,S01,2025-10-12,2025-10-28,Withdrawn,41-55,Male,Treatment A
SUB-0020,S01,2026-02-26,2026-03-12,Completed,65+,Female,Treatment B
SUB-0021,S01,2025-09-24,,Screened,56-65,Female,
SUB-0022,S01,2025-09-06,2025-09-09,Randomized,18-40,Female,Treatment A
SUB-0023,S01,2025-03-24,2025-04-06,Randomized,56-65,Male,Treatment A
SUB-0024,S01,2025-08-21,2025-09-11,Randomized,65+,Male,Treatment B
SUB-0025,S01,2025-07-27,,Screen Failure,65+,Male,
SUB-0026,S01,2026-03-23,2026-03-27,Randomized,56-65,Female,Treatment A
SUB-0027,S01,2025-09-25,,Screen Failure,65+,Female,
SUB-0028,S01,2026-03-22,,Screen Failure,65+,Female,
SUB-0029,S01,2025-04-01,2025-04-21,Randomized,18-40,Female,Treatment A
SUB-0030,S01,2025-09-13,,Screen Failure,65+,Male,
SUB-0031,S01,2025-08-20,2025-08-24,Randomized,65+,Male,Treatment A
SUB-0032,S01,2026-04-24,2026-05-14,Randomized,56-65,Female,Treatment B
SUB-0033,S01,2025-03-14,2025-04-03,Randomized,18-40,Female,Treatment A
SUB-0034,S01,2026-05-17,2026-06-05,Randomized,18-40,Female,Treatment A
SUB-0035,S01,2025-03-25,2025-04-04,Randomized,41-55,Female,Treatment B
SUB-0036,S01,2025-04-07,2025-04-28,Withdrawn,41-55,Male,Treatment B
SUB-0037,S01,2025-09-15,2025-09-22,Randomized,18-40,Female,Treatment B
SUB-0038,S01,2026-04-28,2026-05-19,Randomized,41-55,Male,Treatment A
SUB-0039,S01,2025-05-29,2025-06-03,Randomized,41-55,Male,Treatment A
SUB-0040,S01,2025-11-19,2025-12-08,Randomized,56-65,Female,Treatment A
SUB-0041,S01,2025-05-31,2025-06-06,Randomized,41-55,Male,Treatment A
SUB-0042,S01,2025-08-10,2025-08-21,Randomized,18-40,Female,Treatment B
SUB-0043,S01,2026-03-23,2026-03-27,Randomized,41-55,Male,Treatment A
SUB-0044,S02,2026-05-09,2026-05-25,Randomized,41-55,Female,Treatment A
SUB-0045,S02,2026-02-24,2026-03-03,Randomized,56-65,Male,Treatment B
SUB-0046,S02,2025-03-23,2025-04-01,Randomized,56-65,Male,Treatment A
SUB-0047,S02,2025-07-19,2025-07-29,Withdrawn,41-55,Male,Treatment A
SUB-0048,S02,2025-03-08,,Screen Failure,56-65,Male,
SUB-0049,S02,2025-10-23,2025-10-29,Completed,65+,Female,Treatment B
SUB-0050,S02,2025-09-03,2025-09-20,Randomized,41-55,Female,Treatment B
SUB-0051,S02,2025-03-07,2025-03-22,Randomized,18-40,Male,Treatment B
SUB-0052,S02,2026-02-05,2026-02-20,Withdrawn,18-40,Male,Treatment B
SUB-0053,S02,2025-08-12,2025-08-23,Randomized,65+,Male,Treatment A
SUB-0054,S02,2025-12-29,2026-01-17,Randomized,41-55,Male,Treatment A
SUB-0055,S02,2025-03-28,2025-03-31,Randomized,18-40,Male,Treatment A
SUB-0056,S02,2025-12-29,2026-01-04,Randomized,65+,Male,Treatment B
SUB-0057,S02,2026-03-30,2026-04-19,Randomized,65+,Female,Treatment A
SUB-0058,S02,2025-12-16,2025-12-19,Randomized,65+,Male,Treatment B
SUB-0059,S02,2026-06-02,2026-06-11,Completed,41-55,Female,Treatment B
SUB-0060,S02,2025-11-28,2025-12-11,Completed,41-55,Male,Treatment A
SUB-0061,S02,2025-09-29,2025-10-06,Randomized,65+,Female,Treatment A
SUB-0062,S02,2026-05-23,2026-06-13,Randomized,65+,Male,Treatment A
SUB-0063,S02,2026-03-27,,Screened,18-40,Female,
SUB-0064,S02,2026-04-22,,Screen Failure,65+,Female,
SUB-0065,S02,2025-10-24,2025-10-30,Randomized,65+,Male,Treatment B
SUB-0066,S02,2026-05-10,2026-05-29,Completed,65+,Female,Treatment B
SUB-0067,S02,2026-06-12,2026-06-22,Randomized,65+,Female,Treatment B
SUB-0068,S02,2025-11-19,2025-12-01,Randomized,56-65,Female,Treatment A
SUB-0069,S02,2025-07-02,,Screen Failure,65+,Female,
SUB-0070,S02,2025-09-18,,Screen Failure,65+,Male,
SUB-0071,S02,2026-06-03,2026-06-12,Randomized,18-40,Male,Treatment B
SUB-0072,S02,2026-06-14,,Screen Failure,56-65,Male,
SUB-0073,S02,2026-03-17,2026-04-02,Randomized,56-65,Male,Treatment A
SUB-0074,S02,2026-06-23,,Screen Failure,56-65,Male,
SUB-0075,S02,2025-07-30,2025-08-06,Withdrawn,18-40,Female,Treatment A
SUB-0076,S02,2026-04-25,,Screen Failure,65+,Female,
SUB-0077,S02,2025-04-03,2025-04-16,Randomized,56-65,Male,Treatment A
SUB-0078,S02,2025-11-22,2025-12-08,Completed,65+,Female,Treatment B
SUB-0079,S02,2025-04-05,2025-04-19,Randomized,18-40,Female,Treatment A
SUB-0080,S02,2025-10-22,,Screen Failure,18-40,Female,
SUB-0081,S02,2025-10-13,,Screen Failure,18-40,Female,
SUB-0082,S02,2026-06-02,2026-06-16,Randomized,18-40,Female,Treatment A
SUB-0083,S02,2025-12-26,,Screen Failure,18-40,Male,
SUB-0084,S02,2026-03-02,2026-03-11,Randomized,41-55,Female,Treatment A
SUB-0085,S02,2025-12-16,2025-12-22,Randomized,65+,Male,Treatment A
SUB-0086,S02,2025-04-22,2025-05-05,Completed,65+,Female,Treatment A
SUB-0087,S02,2026-04-30,2026-05-17,Randomized,56-65,Male,Treatment A
SUB-0088,S02,2026-06-02,2026-06-23,Randomized,41-55,Female,Treatment B
SUB-0089,S03,2026-07-20,,Screened,65+,Male,
SUB-0090,S03,2026-03-25,,Screen Failure,56-65,Female,
SUB-0091,S03,2026-08-27,,Screen Failure,56-65,Male,
SUB-0092,S03,2026-01-26,2026-02-06,Randomized,41-55,Female,Treatment A
SUB-0093,S03,2025-12-18,2026-01-05,Randomized,65+,Male,Treatment A
SUB-0094,S03,2025-05-02,,Screen Failure,41-55,Male,
SUB-0095,S03,2025-12-20,2026-01-10,Randomized,56-65,Male,Treatment B
SUB-0096,S03,2026-03-19,2026-04-05,Randomized,41-55,Female,Treatment B
SUB-0097,S03,2025-10-29,2025-11-18,Randomized,65+,Male,Treatment A
SUB-0098,S03,2026-01-29,2026-02-07,Randomized,41-55,Male,Treatment B
SUB-0099,S03,2025-04-29,2025-05-06,Randomized,18-40,Male,Treatment B
SUB-0100,S03,2025-08-22,2025-09-09,Completed,56-65,Male,Treatment A
SUB-0101,S03,2026-08-18,2026-08-26,Randomized,65+,Female,Treatment A
SUB-0102,S03,2025-06-20,2025-06-25,Randomized,56-65,Female,Treatment A
SUB-0103,S03,2025-12-25,,Screen Failure,65+,Female,
SUB-0104,S03,2026-05-09,2026-05-26,Completed,65+,Male,Treatment B
SUB-0105,S03,2025-06-15,2025-06-21,Randomized,56-65,Female,Treatment A
SUB-0106,S03,2025-09-22,,Screened,18-40,Female,
SUB-0107,S03,2025-04-17,2025-05-05,Randomized,56-65,Male,Treatment B
SUB-0108,S03,2026-07-23,,Screen Failure,41-55,Male,
SUB-0109,S03,2025-11-03,2025-11-23,Randomized,56-65,Female,Treatment A
SUB-0110,S03,2025-06-27,,Screen Failure,56-65,Male,
SUB-0111,S03,2026-07-08,,Screen Failure,56-65,Male,
SUB-0112,S03,2026-01-18,2026-02-05,Randomized,18-40,Male,Treatment B
SUB-0113,S03,2026-03-11,2026-03-14,Randomized,18-40,Male,Treatment A
SUB-0114,S03,2025-05-26,2025-06-03,Randomized,65+,Male,Treatment B
SUB-0115,S03,2025-10-17,2025-11-02,Withdrawn,65+,Male,Treatment B
SUB-0116,S03,2026-06-07,2026-06-13,Randomized,65+,Male,Treatment A
SUB-0117,S03,2026-05-30,2026-06-19,Randomized,56-65,Male,Treatment A
SUB-0118,S03,2026-03-12,,Screen Failure,65+,Female,
SUB-0119,S03,2026-08-01,2026-08-10,Randomized,65+,Male,Treatment B
SUB-0120,S03,2025-06-06,,Screen Failure,41-55,Male,
SUB-0121,S03,2026-07-07,2026-07-25,Randomized,41-55,Female,Treatment A
SUB-0122,S03,2026-02-27,2026-03-19,Randomized,18-40,Male,Treatment B
SUB-0123,S03,2025-08-13,2025-08-20,Withdrawn,56-65,Male,Treatment B
SUB-0124,S03,2026-06-14,2026-07-02,Randomized,41-55,Male,Treatment A
SUB-0125,S03,2025-10-27,2025-11-15,Completed,56-65,Male,Treatment A
SUB-0126,S03,2026-03-29,2026-04-17,Completed,56-65,Male,Treatment B
SUB-0127,S03,2026-08-29,2026-09-15,Randomized,65+,Male,Treatment B
SUB-0128,S03,2026-03-10,2026-03-20,Randomized,65+,Female,Treatment B
SUB-0129,S03,2026-03-06,2026-03-21,Withdrawn,41-55,Male,Treatment B
SUB-0130,S03,2025-05-22,,Screen Failure,56-65,Female,
SUB-0131,S03,2026-07-09,,Screen Failure,65+,Female,
SUB-0132,S03,2025-09-09,2025-09-16,Randomized,56-65,Male,Treatment A
SUB-0133,S03,2026-05-27,2026-06-09,Withdrawn,65+,Female,Treatment B
SUB-0134,S03,2025-06-24,,Screened,56-65,Female,
SUB-0135,S03,2025-07-16,2025-07-22,Randomized,56-65,Female,Treatment A
SUB-0136,S04,2026-03-13,2026-03-25,Randomized,41-55,Female,Treatment B
SUB-0137,S04,2026-06-10,2026-06-18,Randomized,65+,Female,Treatment A
SUB-0138,S04,2026-09-06,2026-09-13,Randomized,56-65,Male,Treatment A
SUB-0139,S04,2026-01-01,2026-01-18,Randomized,41-55,Female,Treatment B
SUB-0140,S04,2026-07-11,2026-08-01,Randomized,65+,Male,Treatment B
SUB-0141,S04,2026-07-26,2026-08-04,Completed,18-40,Female,Treatment B
SUB-0142,S04,2026-05-10,2026-05-31,Withdrawn,56-65,Female,Treatment B
SUB-0143,S04,2026-05-25,2026-06-15,Withdrawn,65+,Male,Treatment A
SUB-0144,S04,2025-12-06,2025-12-20,Randomized,56-65,Female,Treatment A
SUB-0145,S04,2025-07-23,2025-07-27,Completed,18-40,Male,Treatment B
SUB-0146,S04,2025-08-27,,Screen Failure,56-65,Male,
SUB-0147,S04,2026-06-14,,Screen Failure,41-55,Male,
SUB-0148,S04,2026-09-10,2026-09-18,Withdrawn,65+,Male,Treatment B
SUB-0149,S04,2026-03-27,2026-04-13,Randomized,41-55,Male,Treatment A
SUB-0150,S04,2026-04-24,,Screen Failure,65+,Female,
SUB-0151,S04,2026-01-10,2026-01-27,Randomized,56-65,Male,Treatment B
SUB-0152,S04,2026-04-30,,Screen Failure,41-55,Male,
SUB-0153,S04,2025-05-10,2025-05-30,Withdrawn,41-55,Female,Treatment B
SUB-0154,S04,2026-08-03,2026-08-15,Randomized,18-40,Female,Treatment B
SUB-0155,S04,2026-02-20,2026-02-26,Randomized,41-55,Male,Treatment A
SUB-0156,S04,2026-07-23,2026-08-12,Randomized,41-55,Male,Treatment B
SUB-0157,S04,2025-07-25,2025-08-10,Randomized,56-65,Female,Treatment B
SUB-0158,S04,2026-07-13,2026-07-23,Randomized,56-65,Male,Treatment B
SUB-0159,S04,2025-06-16,2025-06-25,Withdrawn,65+,Female,Treatment A
SUB-0160,S04,2025-11-18,2025-11-21,Completed,41-55,Female,Treatment A
SUB-0161,S04,2025-11-11,,Screen Failure,41-55,Female,
SUB-0162,S04,2025-12-09,2025-12-16,Randomized,41-55,Female,Treatment A
SUB-0163,S04,2025-12-27,2026-01-02,Randomized,56-65,Female,Treatment A
SUB-0164,S04,2026-03-12,,Screen Failure,56-65,Female,
SUB-0165,S04,2025-08-22,2025-09-10,Randomized,65+,Male,Treatment A
SUB-0166,S04,2026-04-20,2026-04-26,Randomized,18-40,Male,Treatment B
SUB-0167,S04,2026-07-28,2026-07-31,Withdrawn,65+,Male,Treatment A
SUB-0168,S04,2025-08-03,2025-08-20,Completed,56-65,Female,Treatment A
SUB-0169,S04,2025-06-21,,Screen Failure,56-65,Male,
SUB-0170,S04,2026-02-10,2026-02-26,Completed,18-40,Female,Treatment A
SUB-0171,S04,2026-06-29,2026-07-09,Randomized,65+,Male,Treatment B
SUB-0172,S04,2026-06-14,2026-06-27,Randomized,56-65,Male,Treatment B
SUB-0173,S04,2025-09-18,2025-10-06,Randomized,18-40,Female,Treatment A
SUB-0174,S04,2026-07-01,,Screen Failure,56-65,Female,
SUB-0175,S04,2025-06-15,2025-07-05,Randomized,65+,Male,Treatment B
SUB-0176,S04,2026-06-22,2026-06-26,Randomized,56-65,Female,Treatment B
SUB-0177,S04,2025-11-18,,Screen Failure,65+,Female,
SUB-0178,S04,2025-08-03,2025-08-23,Randomized,56-65,Female,Treatment B
SUB-0179,S05,2025-02-17,2025-02-28,Randomized,56-65,Male,Treatment A
SUB-0180,S05,2026-01-16,,Screen Failure,41-55,Male,
SUB-0181,S05,2025-04-03,,Screen Failure,18-40,Female,
SUB-0182,S05,2025-08-30,2025-09-16,Randomized,56-65,Male,Treatment B
SUB-0183,S05,2025-04-18,2025-04-25,Randomized,18-40,Female,Treatment A
SUB-0184,S05,2025-10-27,2025-11-12,Randomized,65+,Male,Treatment B
SUB-0185,S05,2025-08-30,2025-09-05,Randomized,56-65,Male,Treatment B
SUB-0186,S05,2025-12-03,,Screen Failure,65+,Female,
SUB-0187,S05,2025-01-29,,Screen Failure,41-55,Female,
SUB-0188,S05,2025-10-10,2025-10-16,Randomized,65+,Female,Treatment A
SUB-0189,S05,2025-06-03,2025-06-13,Randomized,18-40,Male,Treatment B
SUB-0190,S05,2025-02-10,2025-02-15,Randomized,65+,Male,Treatment B
SUB-0191,S05,2025-11-14,,Screen Failure,18-40,Male,
SUB-0192,S05,2025-07-16,2025-08-02,Randomized,18-40,Female,Treatment B
SUB-0193,S05,2026-04-13,2026-05-02,Randomized,56-65,Male,Treatment A
SUB-0194,S05,2025-09-05,2025-09-13,Randomized,18-40,Female,Treatment A
SUB-0195,S05,2026-01-14,2026-01-21,Randomized,56-65,Female,Treatment A
SUB-0196,S05,2025-07-18,2025-07-23,Withdrawn,65+,Male,Treatment A
SUB-0197,S05,2026-04-26,2026-05-17,Completed,56-65,Female,Treatment B
SUB-0198,S05,2026-04-17,,Screen Failure,65+,Male,
SUB-0199,S05,2025-10-30,2025-11-13,Randomized,65+,Female,Treatment A
SUB-0200,S05,2025-03-21,2025-04-02,Randomized,18-40,Male,Treatment A
SUB-0201,S05,2026-05-10,2026-05-14,Withdrawn,41-55,Male,Treatment B
SUB-0202,S05,2026-05-24,2026-05-28,Randomized,56-65,Female,Treatment B
SUB-0203,S05,2025-07-17,,Screen Failure,65+,Male,
SUB-0204,S05,2025-07-03,2025-07-15,Randomized,56-65,Female,Treatment B
SUB-0205,S05,2025-12-30,,Screen Failure,18-40,Male,
SUB-0206,S05,2025-11-08,,Screened,41-55,Male,
SUB-0207,S05,2025-04-15,2025-04-22,Randomized,65+,Female,Treatment B
SUB-0208,S05,2025-04-18,2025-05-03,Completed,18-40,Male,Treatment B
SUB-0209,S05,2026-01-27,,Screen Failure,56-65,Female,
SUB-0210,S05,2025-08-29,2025-09-16,Randomized,41-55,Female,Treatment A
SUB-0211,S05,2025-04-11,2025-04-17,Randomized,41-55,Male,Treatment A
SUB-0212,S05,2025-06-28,,Screen Failure,41-55,Male,
SUB-0213,S05,2025-03-07,2025-03-17,Randomized,65+,Female,Treatment B
SUB-0214,S05,2025-09-23,2025-10-11,Randomized,65+,Male,Treatment A
SUB-0215,S05,2025-11-06,2025-11-25,Withdrawn,41-55,Female,Treatment B
SUB-0216,S05,2025-10-05,,Screen Failure,65+,Male,
SUB-0217,S05,2025-05-07,2025-05-26,Randomized,41-55,Male,Treatment A
SUB-0218,S05,2026-04-27,2026-05-04,Randomized,41-55,Male,Treatment B
SUB-0219,S05,2026-01-14,2026-01-30,Randomized,56-65,Female,Treatment A
SUB-0220,S05,2026-02-21,2026-03-07,Randomized,18-40,Male,Treatment A
SUB-0221,S05,2025-06-20,,Screen Failure,56-65,Male,
SUB-0222,S05,2025-06-13,2025-07-01,Randomized,18-40,Female,Treatment B
SUB-0223,S05,2025-10-11,,Screen Failure,41-55,Male,
SUB-0224,S05,2025-05-15,2025-05-25,Randomized,41-55,Male,Treatment B
SUB-0225,S05,2026-05-05,,Screen Failure,65+,Female,
SUB-0226,S05,2025-09-26,2025-10-08,Randomized,56-65,Female,Treatment B
SUB-0227,S05,2026-03-24,,Screen Failure,18-40,Male,
SUB-0228,S06,2025-02-04,2025-02-22,Randomized,56-65,Male,Treatment A
SUB-0229,S06,2025-01-31,2025-02-05,Randomized,18-40,Male,Treatment B
SUB-0230,S06,2025-05-31,,Screen Failure,56-65,Female,
SUB-0231,S06,2026-05-05,2026-05-23,Completed,18-40,Male,Treatment A
SUB-0232,S06,2025-02-21,2025-02-25,Completed,56-65,Male,Treatment A
SUB-0233,S06,2026-02-26,2026-03-18,Randomized,41-55,Male,Treatment B
SUB-0234,S06,2026-01-15,2026-01-19,Randomized,56-65,Male,Treatment B
SUB-0235,S06,2026-02-28,2026-03-15,Withdrawn,65+,Male,Treatment B
SUB-0236,S06,2026-01-26,2026-02-14,Completed,65+,Female,Treatment B
SUB-0237,S06,2026-03-31,2026-04-08,Randomized,18-40,Male,Treatment B
SUB-0238,S06,2025-11-13,2025-11-29,Randomized,56-65,Male,Treatment A
SUB-0239,S06,2025-02-27,2025-03-13,Randomized,18-40,Female,Treatment B
SUB-0240,S06,2026-03-06,2026-03-14,Randomized,65+,Female,Treatment A
SUB-0241,S06,2025-05-24,,Screen Failure,56-65,Male,
SUB-0242,S06,2026-02-11,2026-02-15,Randomized,56-65,Male,Treatment A
SUB-0243,S06,2026-04-14,2026-05-05,Randomized,65+,Male,Treatment A
SUB-0244,S06,2025-10-27,,Screened,18-40,Female,
SUB-0245,S06,2025-07-24,2025-08-08,Randomized,56-65,Male,Treatment A
SUB-0246,S06,2025-08-22,2025-09-03,Randomized,41-55,Female,Treatment B
SUB-0247,S06,2026-04-22,,Screen Failure,65+,Female,
SUB-0248,S06,2025-12-08,2025-12-13,Completed,41-55,Female,Treatment B
SUB-0249,S06,2026-01-20,2026-01-26,Completed,41-55,Male,Treatment A
SUB-0250,S06,2025-02-10,2025-03-03,Randomized,41-55,Female,Treatment B
SUB-0251,S06,2025-03-23,2025-04-10,Randomized,18-40,Female,Treatment B
SUB-0252,S06,2025-12-05,2025-12-22,Randomized,56-65,Female,Treatment B
SUB-0253,S06,2025-07-20,2025-07-27,Randomized,18-40,Female,Treatment B
SUB-0254,S06,2025-06-20,2025-06-28,Withdrawn,41-55,Male,Treatment B
SUB-0255,S06,2025-11-01,2025-11-12,Randomized,56-65,Female,Treatment A
SUB-0256,S06,2025-11-21,2025-11-26,Randomized,41-55,Female,Treatment A
SUB-0257,S06,2025-12-26,2026-01-16,Completed,18-40,Female,Treatment A
SUB-0258,S06,2025-03-02,2025-03-23,Randomized,65+,Female,Treatment B
SUB-0259,S06,2026-06-08,2026-06-28,Randomized,56-65,Male,Treatment B
SUB-0260,S06,2025-09-22,2025-10-07,Randomized,18-40,Female,Treatment B
SUB-0261,S06,2026-04-10,2026-04-27,Randomized,41-55,Male,Treatment A
SUB-0262,S06,2025-12-07,2025-12-21,Randomized,56-65,Female,Treatment B
SUB-0263,S06,2025-12-07,,Screened,18-40,Male,
SUB-0264,S06,2026-04-20,,Screened,18-40,Female,
SUB-0265,S06,2025-11-08,2025-11-24,Withdrawn,41-55,Male,Treatment A
SUB-0266,S06,2025-12-01,,Screen Failure,41-55,Male,
SUB-0267,S06,2026-05-08,2026-05-20,Randomized,65+,Male,Treatment B
SUB-0268,S06,2025-09-18,,Screen Failure,56-65,Female,
SUB-0269,S06,2025-03-07,2025-03-25,Randomized,18-40,Male,Treatment B
SUB-0270,S06,2025-06-01,2025-06-15,Randomized,65+,Female,Treatment B
SUB-0271,S06,2025-08-02,2025-08-14,Randomized,65+,Male,Treatment A
SUB-0272,S07,2025-06-18,2025-07-03,Completed,56-65,Male,Treatment B
SUB-0273,S07,2025-07-04,,Screen Failure,65+,Female,
SUB-0274,S07,2025-03-25,,Screen Failure,56-65,Male,
SUB-0275,S07,2026-05-20,,Screen Failure,41-55,Male,
SUB-0276,S07,2025-12-30,,Screen Failure,56-65,Male,
SUB-0277,S07,2026-06-23,2026-07-05,Completed,56-65,Male,Treatment B
SUB-0278,S07,2025-05-30,2025-06-20,Completed,18-40,Male,Treatment B
SUB-0279,S07,2025-11-05,2025-11-26,Randomized,65+,Female,Treatment A
SUB-0280,S07,2026-03-03,,Screen Failure,41-55,Female,
SUB-0281,S07,2025-05-30,,Screen Failure,65+,Male,
SUB-0282,S07,2026-04-11,,Screen Failure,41-55,Male,
SUB-0283,S07,2026-07-05,2026-07-23,Randomized,41-55,Male,Treatment A
SUB-0284,S07,2026-06-11,2026-06-24,Randomized,56-65,Male,Treatment A
SUB-0285,S07,2025-11-04,2025-11-13,Randomized,56-65,Female,Treatment A
SUB-0286,S07,2025-12-08,2025-12-17,Randomized,56-65,Male,Treatment B
SUB-0287,S07,2025-11-28,,Screen Failure,65+,Male,
SUB-0288,S07,2026-01-26,2026-02-02,Randomized,18-40,Male,Treatment B
SUB-0289,S07,2026-05-05,2026-05-23,Randomized,56-65,Male,Treatment A
SUB-0290,S07,2025-06-27,,Screen Failure,41-55,Female,
SUB-0291,S07,2025-03-30,2025-04-18,Randomized,18-40,Female,Treatment A
SUB-0292,S07,2026-04-06,2026-04-24,Randomized,41-55,Female,Treatment A
SUB-0293,S07,2025-07-18,2025-08-05,Randomized,56-65,Male,Treatment B
SUB-0294,S07,2025-11-26,2025-12-01,Randomized,18-40,Female,Treatment A
SUB-0295,S07,2026-04-10,2026-04-18,Withdrawn,65+,Male,Treatment A
SUB-0296,S07,2025-08-16,2025-08-28,Randomized,18-40,Male,Treatment A
SUB-0297,S07,2025-11-25,2025-12-15,Completed,41-55,Male,Treatment B
SUB-0298,S07,2025-11-13,,Screen Failure,18-40,Male,
SUB-0299,S07,2025-07-23,2025-08-03,Randomized,56-65,Male,Treatment A
SUB-0300,S07,2025-08-23,,Screen Failure,65+,Male,
SUB-0301,S07,2026-01-08,,Screen Failure,18-40,Female,
SUB-0302,S07,2025-06-30,2025-07-10,Randomized,41-55,Male,Treatment A
SUB-0303,S07,2025-11-07,2025-11-19,Randomized,56-65,Female,Treatment A
SUB-0304,S07,2025-04-11,2025-04-28,Randomized,56-65,Female,Treatment B
SUB-0305,S07,2025-12-06,2025-12-16,Withdrawn,65+,Female,Treatment A
SUB-0306,S07,2026-05-18,2026-06-01,Randomized,65+,Female,Treatment B
SUB-0307,S07,2025-10-18,2025-10-23,Randomized,56-65,Female,Treatment B
SUB-0308,S07,2025-06-01,,Screen Failure,41-55,Female,
SUB-0309,S07,2025-07-25,2025-08-13,Randomized,41-55,Male,Treatment B
SUB-0310,S07,2025-05-11,2025-05-28,Randomized,65+,Male,Treatment A
SUB-0311,S07,2025-04-07,2025-04-19,Randomized,18-40,Female,Treatment A
SUB-0312,S07,2025-04-22,,Screen Failure,56-65,Female,
SUB-0313,S07,2025-04-09,2025-04-14,Randomized,65+,Female,Treatment B
SUB-0314,S07,2025-06-25,2025-07-11,Withdrawn,65+,Male,Treatment B
SUB-0315,S07,2026-02-28,2026-03-20,Randomized,56-65,Female,Treatment A
SUB-0316,S08,2026-05-05,2026-05-15,Randomized,56-65,Male,Treatment A
SUB-0317,S08,2026-06-06,2026-06-16,Randomized,41-55,Male,Treatment A
SUB-0318,S08,2025-10-08,2025-10-14,Completed,65+,Female,Treatment A
SUB-0319,S08,2025-11-30,,Screen Failure,18-40,Female,
SUB-0320,S08,2026-06-29,2026-07-03,Randomized,65+,Male,Treatment A
SUB-0321,S08,2025-11-23,2025-11-27,Randomized,56-65,Female,Treatment A
SUB-0322,S08,2026-02-18,2026-03-03,Randomized,41-55,Female,Treatment A
SUB-0323,S08,2026-05-26,2026-05-30,Randomized,65+,Male,Treatment A
SUB-0324,S08,2025-05-16,2025-05-31,Randomized,65+,Female,Treatment B
SUB-0325,S08,2026-01-30,2026-02-19,Randomized,41-55,Male,Treatment B
SUB-0326,S08,2025-08-23,2025-08-27,Withdrawn,41-55,Male,Treatment B
SUB-0327,S08,2025-12-02,,Screened,56-65,Female,
SUB-0328,S08,2026-07-02,2026-07-07,Randomized,65+,Female,Treatment A
SUB-0329,S08,2025-06-11,,Screen Failure,41-55,Male,
SUB-0330,S08,2025-10-28,2025-11-10,Withdrawn,18-40,Female,Treatment B
SUB-0331,S08,2025-10-09,2025-10-15,Withdrawn,41-55,Male,Treatment B
SUB-0332,S08,2025-11-29,2025-12-11,Randomized,56-65,Male,Treatment B
SUB-0333,S08,2025-12-21,2026-01-08,Randomized,65+,Male,Treatment B
SUB-0334,S08,2025-10-23,2025-11-08,Randomized,41-55,Female,Treatment A
SUB-0335,S08,2025-04-14,2025-05-05,Randomized,41-55,Male,Treatment B
SUB-0336,S08,2025-11-19,2025-11-29,Randomized,56-65,Male,Treatment B
SUB-0337,S08,2026-08-11,2026-08-29,Randomized,56-65,Female,Treatment B
SUB-0338,S08,2025-08-19,2025-09-06,Withdrawn,18-40,Female,Treatment A
SUB-0339,S08,2025-06-13,2025-06-17,Randomized,41-55,Female,Treatment A
SUB-0340,S08,2025-08-30,,Screen Failure,65+,Male,
SUB-0341,S08,2025-05-29,2025-06-16,Randomized,65+,Female,Treatment B
SUB-0342,S08,2025-04-15,2025-04-26,Randomized,65+,Female,Treatment B
SUB-0343,S08,2025-07-16,2025-08-04,Randomized,56-65,Male,Treatment A
SUB-0344,S08,2025-12-27,2026-01-01,Withdrawn,65+,Female,Treatment B
SUB-0345,S08,2025-11-15,2025-11-20,Randomized,65+,Male,Treatment A
SUB-0346,S08,2026-07-29,,Screen Failure,18-40,Female,
SUB-0347,S08,2025-06-21,2025-07-07,Randomized,18-40,Female,Treatment B
SUB-0348,S08,2025-11-19,,Screen Failure,65+,Male,
SUB-0349,S08,2025-05-15,2025-05-26,Randomized,56-65,Female,Treatment A
SUB-0350,S08,2025-10-27,2025-11-11,Randomized,41-55,Male,Treatment A
SUB-0351,S08,2026-03-03,2026-03-10,Randomized,56-65,Female,Treatment A
SUB-0352,S08,2025-07-07,2025-07-12,Randomized,65+,Male,Treatment B
SUB-0353,S08,2025-04-28,2025-05-15,Randomized,65+,Male,Treatment B
SUB-0354,S08,2025-10-05,2025-10-20,Randomized,56-65,Female,Treatment A
SUB-0355,S08,2025-06-12,,Screen Failure,41-55,Male,
SUB-0356,S08,2025-09-02,2025-09-15,Randomized,18-40,Male,Treatment B
SUB-0357,S08,2026-06-27,2026-07-08,Randomized,41-55,Male,Treatment A
SUB-0358,S08,2026-07-01,2026-07-20,Randomized,18-40,Male,Treatment B
SUB-0359,S08,2025-07-02,2025-07-15,Randomized,65+,Male,Treatment B
SUB-0360,S08,2025-06-23,2025-07-13,Randomized,41-55,Male,Treatment A
SUB-0361,S09,2025-06-27,2025-07-08,Randomized,41-55,Male,Treatment B
SUB-0362,S09,2025-11-14,2025-12-02,Randomized,41-55,Male,Treatment A
SUB-0363,S09,2025-08-24,2025-08-31,Randomized,65+,Male,Treatment B
SUB-0364,S09,2026-03-01,2026-03-14,Randomized,41-55,Male,Treatment B
SUB-0365,S09,2025-12-30,2026-01-08,Randomized,65+,Male,Treatment B
SUB-0366,S09,2025-11-30,2025-12-18,Randomized,56-65,Male,Treatment A
SUB-0367,S09,2026-02-13,,Screen Failure,41-55,Female,
SUB-0368,S09,2025-03-04,2025-03-21,Randomized,56-65,Female,Treatment A
SUB-0369,S09,2026-03-30,2026-04-06,Randomized,41-55,Male,Treatment B
SUB-0370,S09,2026-02-26,,Screen Failure,65+,Male,
SUB-0371,S09,2026-04-09,2026-04-23,Randomized,41-55,Male,Treatment A
SUB-0372,S09,2025-07-25,2025-07-29,Withdrawn,56-65,Male,Treatment B
SUB-0373,S09,2025-05-24,,Screen Failure,56-65,Female,
SUB-0374,S09,2025-09-19,2025-10-04,Randomized,41-55,Male,Treatment B
SUB-0375,S09,2025-03-02,2025-03-14,Withdrawn,18-40,Female,Treatment B
SUB-0376,S09,2025-06-30,2025-07-13,Completed,65+,Male,Treatment B
SUB-0377,S09,2026-06-07,,Screen Failure,65+,Male,
SUB-0378,S09,2025-04-14,2025-04-20,Completed,18-40,Female,Treatment A
SUB-0379,S09,2025-10-12,2025-11-01,Randomized,65+,Male,Treatment A
SUB-0380,S09,2025-09-30,2025-10-08,Randomized,65+,Male,Treatment A
SUB-0381,S09,2025-03-06,2025-03-15,Randomized,65+,Female,Treatment B
SUB-0382,S09,2025-09-12,,Screen Failure,18-40,Female,
SUB-0383,S09,2025-08-15,2025-08-24,Randomized,65+,Male,Treatment B
SUB-0384,S09,2026-03-09,2026-03-30,Randomized,65+,Female,Treatment A
SUB-0385,S09,2025-12-06,2025-12-27,Randomized,56-65,Female,Treatment A
SUB-0386,S09,2025-10-07,2025-10-15,Randomized,65+,Male,Treatment B
SUB-0387,S09,2025-06-26,2025-07-12,Randomized,41-55,Female,Treatment A
SUB-0388,S09,2026-06-21,2026-06-29,Completed,18-40,Male,Treatment B
SUB-0389,S09,2025-02-14,2025-02-23,Withdrawn,65+,Male,Treatment B
SUB-0390,S09,2026-06-23,2026-07-10,Randomized,18-40,Female,Treatment B
SUB-0391,S09,2025-12-01,,Screen Failure,41-55,Male,
SUB-0392,S09,2025-07-27,2025-08-17,Randomized,18-40,Female,Treatment B
SUB-0393,S09,2025-11-06,2025-11-20,Randomized,65+,Female,Treatment A
SUB-0394,S09,2026-04-16,,Screen Failure,41-55,Male,
SUB-0395,S09,2025-03-10,2025-03-24,Randomized,18-40,Female,Treatment A
SUB-0396,S09,2025-09-07,2025-09-28,Completed,65+,Female,Treatment B
SUB-0397,S09,2025-06-27,2025-07-06,Randomized,56-65,Female,Treatment A
SUB-0398,S09,2026-01-02,2026-01-14,Randomized,18-40,Female,Treatment B
SUB-0399,S09,2026-04-02,2026-04-13,Randomized,41-55,Female,Treatment A
SUB-0400,S09,2025-07-04,2025-07-14,Randomized,56-65,Male,Treatment B
SUB-0401,S09,2026-02-24,2026-03-01,Randomized,56-65,Male,Treatment B
SUB-0402,S09,2026-05-16,2026-05-29,Completed,18-40,Male,Treatment A
SUB-0403,S09,2026-02-06,2026-02-26,Randomized,65+,Female,Treatment B
SUB-0404,S09,2026-06-26,2026-07-08,Randomized,41-55,Male,Treatment B
SUB-0405,S09,2026-01-22,2026-01-26,Randomized,65+,Female,Treatment A
SUB-0406,S10,2025-09-18,2025-09-21,Randomized,41-55,Male,Treatment B
SUB-0407,S10,2025-09-19,2025-09-30,Randomized,56-65,Female,Treatment A
SUB-0408,S10,2026-04-25,2026-05-03,Randomized,56-65,Female,Treatment A
SUB-0409,S10,2026-06-23,2026-06-29,Randomized,18-40,Female,Treatment A
SUB-0410,S10,2025-11-27,2025-12-14,Randomized,56-65,Female,Treatment A
SUB-0411,S10,2026-06-16,2026-07-04,Randomized,18-40,Female,Treatment A
SUB-0412,S10,2025-07-24,2025-08-05,Randomized,41-55,Female,Treatment A
SUB-0413,S10,2025-06-19,2025-06-22,Randomized,41-55,Female,Treatment A
SUB-0414,S10,2026-06-05,2026-06-22,Randomized,18-40,Female,Treatment A
SUB-0415,S10,2025-08-14,2025-08-29,Withdrawn,56-65,Female,Treatment B
SUB-0416,S10,2025-12-19,2025-12-24,Randomized,56-65,Female,Treatment A
SUB-0417,S10,2026-02-12,,Screen Failure,41-55,Male,
SUB-0418,S10,2026-02-06,2026-02-16,Randomized,41-55,Male,Treatment B
SUB-0419,S10,2025-06-21,2025-06-24,Withdrawn,41-55,Male,Treatment B
SUB-0420,S10,2026-06-14,2026-06-22,Withdrawn,18-40,Female,Treatment B
SUB-0421,S10,2025-06-18,,Screen Failure,41-55,Female,
SUB-0422,S10,2025-06-10,2025-06-25,Randomized,65+,Male,Treatment B
SUB-0423,S10,2026-05-26,,Screen Failure,41-55,Male,
SUB-0424,S10,2025-07-04,2025-07-23,Withdrawn,41-55,Male,Treatment A
SUB-0425,S10,2026-05-15,2026-05-20,Randomized,41-55,Female,Treatment B
SUB-0426,S10,2025-12-16,,Screen Failure,65+,Female,
SUB-0427,S10,2026-07-18,2026-07-22,Randomized,41-55,Female,Treatment B
SUB-0428,S10,2025-04-22,2025-04-25,Randomized,56-65,Male,Treatment A
SUB-0429,S10,2025-09-27,2025-10-08,Randomized,18-40,Male,Treatment A
SUB-0430,S10,2026-06-23,2026-06-28,Randomized,18-40,Male,Treatment B
SUB-0431,S10,2026-07-20,2026-07-24,Completed,41-55,Male,Treatment B
SUB-0432,S10,2025-09-18,,Screened,18-40,Female,
SUB-0433,S10,2025-11-29,2025-12-02,Completed,18-40,Female,Treatment A
SUB-0434,S10,2025-05-27,2025-06-11,Randomized,18-40,Male,Treatment A
SUB-0435,S10,2025-11-25,2025-12-11,Randomized,18-40,Male,Treatment B
SUB-0436,S10,2025-08-10,2025-08-14,Randomized,18-40,Male,Treatment A
SUB-0437,S10,2025-06-19,2025-07-01,Randomized,65+,Female,Treatment B
SUB-0438,S10,2026-04-22,,Screen Failure,56-65,Female,
SUB-0439,S10,2026-07-29,2026-08-16,Randomized,41-55,Female,Treatment A
SUB-0440,S10,2025-04-16,2025-04-19,Randomized,18-40,Male,Treatment A
SUB-0441,S10,2025-04-11,2025-04-26,Randomized,41-55,Male,Treatment B
SUB-0442,S10,2026-08-26,2026-09-02,Randomized,41-55,Male,Treatment B
SUB-0443,S10,2026-04-26,2026-05-01,Randomized,65+,Female,Treatment A
SUB-0444,S10,2025-06-12,2025-06-19,Randomized,56-65,Male,Treatment A
SUB-0445,S10,2026-03-10,2026-03-21,Randomized,41-55,Female,Treatment A
SUB-0446,S10,2025-07-30,,Screen Failure,41-55,Male,
SUB-0447,S10,2026-07-31,2026-08-06,Withdrawn,41-55,Male,Treatment B
SUB-0448,S10,2026-02-19,2026-02-25,Randomized,56-65,Female,Treatment A
SUB-0449,S10,2025-11-16,2025-11-29,Randomized,41-55,Male,Treatment A
SUB-0450,S11,2025-03-30,2025-04-10,Randomized,65+,Male,Treatment A
SUB-0451,S11,2025-10-21,,Screen Failure,18-40,Female,
SUB-0452,S11,2025-06-12,,Screen Failure,41-55,Female,
SUB-0453,S11,2025-08-29,2025-09-12,Randomized,56-65,Female,Treatment A
SUB-0454,S11,2025-03-02,2025-03-11,Completed,18-40,Male,Treatment B
SUB-0455,S11,2025-06-13,,Screen Failure,65+,Female,
SUB-0456,S11,2025-07-30,2025-08-15,Randomized,65+,Male,Treatment B
SUB-0457,S11,2025-08-03,2025-08-11,Randomized,41-55,Female,Treatment B
SUB-0458,S11,2025-10-17,2025-11-04,Completed,65+,Female,Treatment B
SUB-0459,S11,2025-05-08,2025-05-15,Randomized,41-55,Female,Treatment B
SUB-0460,S11,2026-03-06,2026-03-20,Randomized,65+,Male,Treatment B
SUB-0461,S11,2026-07-07,2026-07-18,Randomized,41-55,Female,Treatment A
SUB-0462,S11,2025-11-22,,Screen Failure,65+,Male,
SUB-0463,S11,2025-10-04,2025-10-10,Randomized,56-65,Female,Treatment A
SUB-0464,S11,2025-09-20,2025-10-05,Withdrawn,41-55,Female,Treatment B
SUB-0465,S11,2025-10-08,2025-10-22,Randomized,56-65,Female,Treatment A
SUB-0466,S11,2025-08-19,2025-09-06,Randomized,18-40,Female,Treatment B
SUB-0467,S11,2025-04-06,,Screened,41-55,Female,
SUB-0468,S11,2026-06-12,,Screen Failure,41-55,Female,
SUB-0469,S11,2026-01-22,2026-02-04,Randomized,41-55,Female,Treatment A
SUB-0470,S11,2026-02-16,2026-03-02,Randomized,56-65,Male,Treatment B
SUB-0471,S11,2026-01-04,,Screen Failure,41-55,Male,
SUB-0472,S11,2026-06-21,2026-06-29,Randomized,41-55,Male,Treatment B
SUB-0473,S11,2025-12-19,2025-12-31,Randomized,18-40,Male,Treatment A
SUB-0474,S11,2025-03-13,,Screen Failure,56-65,Female,
SUB-0475,S11,2025-05-25,2025-06-01,Randomized,41-55,Male,Treatment B
SUB-0476,S11,2026-01-01,,Screen Failure,18-40,Male,
SUB-0477,S11,2026-05-11,,Screen Failure,41-55,Female,
SUB-0478,S11,2025-04-18,2025-04-24,Randomized,65+,Male,Treatment A
SUB-0479,S11,2025-07-28,2025-08-15,Randomized,65+,Female,Treatment B
SUB-0480,S11,2026-06-13,2026-07-04,Randomized,18-40,Female,Treatment A
SUB-0481,S11,2025-12-06,,Screen Failure,56-65,Female,
SUB-0482,S11,2025-04-24,2025-05-09,Randomized,18-40,Male,Treatment A
SUB-0483,S11,2026-06-17,2026-07-03,Randomized,65+,Female,Treatment A
SUB-0484,S11,2025-04-03,,Screen Failure,41-55,Female,
SUB-0485,S11,2026-04-03,2026-04-23,Randomized,56-65,Female,Treatment B
SUB-0486,S11,2025-05-17,,Screen Failure,65+,Female,
SUB-0487,S11,2025-04-04,2025-04-20,Randomized,65+,Female,Treatment A
SUB-0488,S11,2025-05-18,,Screen Failure,41-55,Male,
SUB-0489,S11,2025-05-02,2025-05-08,Completed,65+,Male,Treatment B
SUB-0490,S11,2025-11-06,,Screen Failure,65+,Female,
SUB-0491,S11,2026-02-22,2026-03-08,Randomized,56-65,Male,Treatment A
SUB-0492,S11,2026-05-30,2026-06-10,Randomized,18-40,Female,Treatment A
SUB-0493,S11,2026-01-26,2026-02-11,Randomized,65+,Male,Treatment A
SUB-0494,S11,2026-06-09,2026-06-19,Randomized,65+,Female,Treatment B
SUB-0495,S11,2026-07-07,2026-07-26,Randomized,65+,Female,Treatment A
SUB-0496,S11,2025-07-29,2025-08-07,Randomized,18-40,Male,Treatment A
SUB-0497,S11,2025-09-02,2025-09-09,Randomized,18-40,Female,Treatment B
SUB-0498,S11,2026-03-12,2026-04-01,Completed,65+,Female,Treatment B
SUB-0499,S12,2026-04-20,,Screen Failure,41-55,Female,
SUB-0500,S12,2025-05-28,2025-06-18,Completed,56-65,Male,Treatment A
SUB-0501,S12,2025-11-12,2025-11-30,Randomized,56-65,Male,Treatment B
SUB-0502,S12,2025-07-12,2025-07-27,Randomized,56-65,Female,Treatment A
SUB-0503,S12,2025-04-06,2025-04-17,Randomized,56-65,Male,Treatment B
SUB-0504,S12,2025-11-29,2025-12-05,Randomized,65+,Male,Treatment A
SUB-0505,S12,2025-11-17,2025-11-22,Randomized,65+,Male,Treatment A
SUB-0506,S12,2026-03-04,2026-03-23,Randomized,65+,Female,Treatment A
SUB-0507,S12,2025-03-16,,Screen Failure,41-55,Female,
SUB-0508,S12,2025-10-28,,Screen Failure,18-40,Male,
SUB-0509,S12,2025-09-06,2025-09-23,Randomized,18-40,Female,Treatment B
SUB-0510,S12,2025-10-20,2025-11-06,Withdrawn,65+,Male,Treatment A
SUB-0511,S12,2026-02-02,,Screen Failure,56-65,Female,
SUB-0512,S12,2025-12-03,,Screen Failure,18-40,Female,
SUB-0513,S12,2025-09-22,2025-10-02,Randomized,65+,Female,Treatment A
SUB-0514,S12,2025-02-24,2025-03-03,Randomized,18-40,Female,Treatment A
SUB-0515,S12,2025-10-31,2025-11-12,Randomized,65+,Male,Treatment B
SUB-0516,S12,2026-05-31,,Screened,65+,Male,
SUB-0517,S12,2026-03-28,2026-03-31,Randomized,56-65,Male,Treatment B
SUB-0518,S12,2025-06-05,2025-06-18,Randomized,56-65,Male,Treatment B
SUB-0519,S12,2025-12-17,,Screen Failure,41-55,Female,
SUB-0520,S12,2026-04-04,2026-04-11,Randomized,56-65,Male,Treatment A
SUB-0521,S12,2026-04-19,2026-04-23,Randomized,41-55,Male,Treatment A
SUB-0522,S12,2026-02-17,2026-02-25,Randomized,65+,Female,Treatment A
SUB-0523,S12,2025-11-06,2025-11-26,Withdrawn,56-65,Female,Treatment A
SUB-0524,S12,2025-09-30,2025-10-12,Completed,56-65,Male,Treatment B
SUB-0525,S12,2025-11-08,2025-11-25,Randomized,18-40,Male,Treatment A
SUB-0526,S12,2025-09-02,2025-09-17,Randomized,41-55,Female,Treatment B
SUB-0527,S12,2025-09-08,2025-09-29,Randomized,41-55,Female,Treatment B
SUB-0528,S12,2026-06-29,2026-07-07,Randomized,18-40,Male,Treatment B
SUB-0529,S12,2025-11-22,,Screen Failure,41-55,Female,
SUB-0530,S12,2026-07-01,2026-07-06,Randomized,65+,Male,Treatment A
SUB-0531,S12,2026-04-30,2026-05-15,Randomized,41-55,Male,Treatment A
SUB-0532,S12,2025-03-01,2025-03-20,Randomized,18-40,Female,Treatment A
SUB-0533,S12,2025-10-04,2025-10-18,Randomized,65+,Male,Treatment B
SUB-0534,S12,2025-08-05,,Screen Failure,18-40,Male,
SUB-0535,S12,2025-12-09,2025-12-28,Randomized,41-55,Male,Treatment B
SUB-0536,S12,2026-07-01,2026-07-10,Withdrawn,65+,Female,Treatment A
SUB-0537,S12,2025-10-06,,Screened,41-55,Female,
SUB-0538,S12,2025-03-09,2025-03-17,Randomized,18-40,Male,Treatment A
SUB-0539,S12,2025-11-03,2025-11-07,Randomized,18-40,Female,Treatment A
SUB-0540,S12,2025-06-13,2025-06-28,Randomized,65+,Female,Treatment A
SUB-0541,S12,2025-09-13,2025-09-16,Randomized,18-40,Male,Treatment B
SUB-0542,S12,2025-07-05,2025-07-11,Randomized,18-40,Male,Treatment A
SUB-0543,S12,2025-09-06,2025-09-17,Randomized,65+,Male,Treatment A
SUB-0544,S12,2025-07-29,,Screen Failure,65+,Female,
SUB-0545,S12,2026-06-22,2026-06-25,Randomized,18-40,Male,Treatment A
SUB-0546,S12,2025-07-17,2025-08-05,Randomized,18-40,Male,Treatment A
SUB-0547,S12,2025-10-09,2025-10-21,Randomized,18-40,Female,Treatment B
SUB-0548,S12,2025-03-27,2025-04-10,Randomized,18-40,Female,Treatment B
SUB-0549,S12,2025-04-02,,Screen Failure,41-55,Female,
